DATE,TIME,HOST,PORT
14/04/2025,20:32:59,telnet.holdfastbbs.ca,2323
15/04/2025,17:57:24,bbs.olografix.org,23
15/04/2025,17:58:29,bbs.olografix.org,23
15/04/2025,18:32:38,bbs.undercurrents.io,8088
15/04/2025,18:32:54,bbs.alsgeeklab.com,2323
15/04/2025,18:33:17,bbs.alsgeeklab.com,2323
15/04/2025,18:33:40,bbs.alsgeeklab.com,2323
15/04/2025,18:34:01,bbs.alsgeeklab.com,2323
15/04/2025,18:43:37,bbs.alsgeeklab.com,2323
15/04/2025,19:10:36,bbs.alsgeeklab.com,2323
15/04/2025,20:23:54,slackers.ddns.net,2323
19/04/2025,13:40:59,20forbeers.com,1337
19/04/2025,13:41:14,bbs.alsgeeklab.com,2323
19/04/2025,13:41:24,bbs.undercurrents.io,8088
19/04/2025,13:42:03,bbs.dmine.net,24
19/04/2025,13:42:17,telnet.holdfastbbs.ca,2323
19/04/2025,13:42:28,telnet.holdfastbbs.ca,2323
19/04/2025,13:43:41,sdf.org,23
19/04/2025,13:43:48,sdf.org,23
19/04/2025,13:44:16,sdf.org,23
19/04/2025,13:49:14,sdf.org,23
19/04/2025,13:49:22,sdf.org,23
19/04/2025,13:49:29,bbs.erb.pw,23
19/04/2025,13:49:35,ttb.rgbbs.info,23
19/04/2025,13:50:23,ttb.rgbbs.info,23
19/04/2025,13:50:31,cqbbs.ddns.net,6800
19/04/2025,13:50:56,bbs.olografix.org,23
19/04/2025,13:52:48,slackers.ddns.net,2323
19/04/2025,13:53:00,www.theunderground.us,10023
19/04/2025,13:53:14,bbs.dsbbs.ca,23
19/04/2025,13:53:41,bbs.dsbbs.ca,23
19/04/2025,15:58:10,bbs.olografix.org,23
19/04/2025,16:22:03,bbs.olografix.org,23
19/04/2025,16:24:30,bbs.olografix.org,23
19/04/2025,16:27:34,bbs.olografix.org,23
